source,target,weight
AF,ES,12.0
AF,IS,1.0
AF,PL,2.0
AL,AT,28.0
AL,BE,2.0
AL,BG,22.0
AL,CZ,26.0
AL,DE,114.0
AL,EE,5.0
AL,EL,11.0
AL,ES,22.0
AL,FI,7.0
AL,FR,44.0
AL,HR,8.0
AL,HU,20.0
AL,IT,272.0
AL,LT,8.0
AL,LU,16.0
AL,LV,16.0
AL,NL,5.0
AL,NO,27.0
AL,PL,72.0
AL,PT,23.0
AL,RO,30.0
AL,SE,31.0
AL,SI,6.0
AL,SK,8.0
AL,TR,25.0
AL,UK,17.0
AM,AT,26.0
AM,BE,33.0
AM,BG,10.0
AM,CY,4.0
AM,CZ,19.0
AM,DE,38.0
AM,DK,1.0
AM,EE,12.0
AM,EL,4.0
AM,ES,35.0
AM,FI,8.0
AM,FR,114.0
AM,HR,8.0
AM,HU,20.0
AM,IT,101.0
AM,LT,8.0
AM,LV,1.0
AM,NL,8.0
AM,NO,3.0
AM,PL,43.0
AM,PT,47.0
AM,RO,7.0
AM,SE,8.0
AM,SK,1.0
AM,TR,2.0
AM,UK,6.0
AO,HU,1.0
AR,AT,2.0
AR,BE,2.0
AR,CY,1.0
AR,DE,3.0
AR,EE,1.0
AR,EL,5.0
AR,ES,5.0
AR,FR,41.0
AR,HU,8.0
AR,IT,30.0
AR,NO,1.0
AR,PL,1.0
AR,RO,1.0
AR,SI,2.0
AR,SK,2.0
AR,TR,2.0
AR,UK,5.0
AT,AL,1.0
AT,AM,2.0
AT,AR,2.0
AT,AU,11.0
AT,BA,14.0
AT,BE,392.0
AT,BG,28.0
AT,BR,6.0
AT,BT,2.0
AT,BY,3.0
AT,CA,15.0
AT,CL,9.0
AT,CN,17.0
AT,CO,3.0
AT,CR,2.0
AT,CU,8.0
AT,CY,23.0
AT,CZ,244.0
AT,DE,2854.0
AT,DK,430.0
AT,EE,70.0
AT,EL,144.0
AT,ES,1199.0
AT,ET,1.0
AT,FI,393.0
AT,FR,895.0
AT,GE,23.0
AT,GH,3.0
AT,HK,1.0
AT,HR,95.0
AT,HU,144.0
AT,ID,5.0
AT,IE,229.0
AT,IL,63.0
AT,IN,5.0
AT,IR,3.0
AT,IS,67.0
AT,IT,1128.0
AT,JP,4.0
AT,KG,3.0
AT,KH,1.0
AT,KR,9.0
AT,KZ,9.0
AT,LI,26.0
AT,LK,3.0
AT,LT,77.0
AT,LU,23.0
AT,LV,57.0
AT,MK,1.0
AT,MM,2.0
AT,MN,2.0
AT,MT,19.0
AT,NL,618.0
AT,NO,430.0
AT,NP,5.0
AT,NZ,5.0
AT,PL,211.0
AT,PS,1.0
AT,PT,381.0
AT,RO,63.0
AT,RS,29.0
AT,RU,86.0
AT,SE,811.0
AT,SI,159.0
AT,SK,86.0
AT,TH,9.0
AT,TJ,2.0
AT,TR,108.0
AT,TT,5.0
AT,TW,6.0
AT,TZ,4.0
AT,UA,9.0
AT,UG,7.0
AT,UK,781.0
AT,US,14.0
AT,UY,2.0
AT,UZ,3.0
AT,XK,1.0
AT,ZA,9.0
AU,AT,7.0
AU,BE,4.0
AU,BG,1.0
AU,CY,2.0
AU,CZ,1.0
AU,DE,20.0
AU,DK,2.0
AU,EE,2.0
AU,EL,1.0
AU,ES,13.0
AU,HR,3.0
AU,IE,1.0
AU,IT,6.0
AU,LT,4.0
AU,NL,30.0
AU,NO,4.0
AU,PL,7.0
AU,PT,1.0
AU,RO,1.0
AU,SE,1.0
AU,SI,3.0
AU,UK,1.0
AZ,BG,1.0
AZ,CZ,6.0
AZ,DE,7.0
AZ,EE,2.0
AZ,EL,1.0
AZ,ES,6.0
AZ,FR,4.0
AZ,HR,3.0
AZ,HU,2.0
AZ,IT,25.0
AZ,LT,4.0
AZ,PL,27.0
AZ,PT,6.0
AZ,RO,10.0
AZ,SI,9.0
AZ,SK,7.0
AZ,TR,23.0
AZ,UK,5.0
BA,AT,37.0
BA,BE,10.0
BA,BG,4.0
BA,CZ,51.0
BA,DE,133.0
BA,DK,4.0
BA,EL,2.0
BA,ES,57.0
BA,FI,2.0
BA,FR,86.0
BA,HR,34.0
BA,HU,10.0
BA,IE,4.0
BA,IS,3.0
BA,IT,102.0
BA,LI,2.0
BA,LT,8.0
BA,LV,9.0
BA,NL,26.0
BA,NO,4.0
BA,PL,42.0
BA,PT,24.0
BA,RO,20.0
BA,SE,35.0
BA,SI,10.0
BA,SK,9.0
BA,TR,13.0
BA,UK,4.0
BB,FR,1.0
BD,ES,2.0
BD,FI,1.0
BD,IE,3.0
BD,IT,5.0
BD,PL,2.0
BD,TR,1.0
BD,UK,2.0
BE,AL,1.0
BE,AM,3.0
BE,AT,452.0
BE,AU,12.0
BE,BF,1.0
BE,BG,54.0
BE,BO,2.0
BE,BR,2.0
BE,BY,1.0
BE,CA,22.0
BE,CD,1.0
BE,CL,2.0
BE,CM,1.0
BE,CN,6.0
BE,CU,1.0
BE,CY,16.0
BE,CZ,461.0
BE,DE,1346.0
BE,DK,427.0
BE,EC,1.0
BE,EE,95.0
BE,EL,169.0
BE,ES,2188.0
BE,FI,576.0
BE,FR,2759.0
BE,GE,3.0
BE,HK,6.0
BE,HR,92.0
BE,HU,199.0
BE,ID,2.0
BE,IE,301.0
BE,IL,9.0
BE,IN,1.0
BE,IS,34.0
BE,IT,1628.0
BE,JO,1.0
BE,JP,9.0
BE,KH,5.0
BE,KR,7.0
BE,KZ,2.0
BE,LB,5.0
BE,LI,6.0
BE,LT,124.0
BE,LU,445.0
BE,LV,47.0
BE,MA,3.0
BE,MD,7.0
BE,MG,1.0
BE,MT,68.0
BE,MX,1.0
BE,MZ,1.0
BE,NI,2.0
BE,NL,920.0
BE,NO,497.0
BE,PH,1.0
BE,PL,290.0
BE,PS,6.0
BE,PT,797.0
BE,RO,107.0
BE,RS,7.0
BE,RU,37.0
BE,RW,1.0
BE,SE,734.0
BE,SI,149.0
BE,SK,33.0
BE,SR,2.0
BE,TH,1.0
BE,TR,67.0
BE,TT,2.0
BE,TW,4.0
BE,TZ,6.0
BE,UA,14.0
BE,UK,1073.0
BE,US,7.0
BE,VN,23.0
BE,ZA,3.0
BF,BE,3.0
BF,FR,22.0
BF,NL,1.0
BG,AL,16.0
BG,AM,5.0
BG,AT,112.0
BG,AZ,1.0
BG,BA,4.0
BG,BE,95.0
BG,CA,4.0
BG,CN,6.0
BG,CO,3.0
BG,CV,1.0
BG,CY,78.0
BG,CZ,211.0
BG,DE,509.0
BG,DK,12.0
BG,DO,2.0
BG,EE,7.0
BG,EG,3.0
BG,EL,257.0
BG,ES,414.0
BG,FI,24.0
BG,FJ,1.0
BG,FR,235.0
BG,GE,5.0
BG,HR,72.0
BG,HU,72.0
BG,ID,2.0
BG,IE,13.0
BG,IL,6.0
BG,IN,2.0
BG,IS,1.0
BG,IT,496.0
BG,JO,6.0
BG,JP,8.0
BG,KR,2.0
BG,LB,4.0
BG,LI,1.0
BG,LT,33.0
BG,LV,30.0
BG,MA,9.0
BG,ME,2.0
BG,MK,99.0
BG,MT,160.0
BG,MX,1.0
BG,MY,2.0
BG,NL,78.0
BG,NO,8.0
BG,PL,309.0
BG,PS,3.0
BG,PT,244.0
BG,RO,139.0
BG,RS,50.0
BG,RU,22.0
BG,SE,14.0
BG,SI,35.0
BG,SK,68.0
BG,TN,13.0
BG,TR,266.0
BG,TT,1.0
BG,UA,13.0
BG,UK,197.0
BG,US,6.0
BG,VN,6.0
BG,ZA,3.0
BJ,ES,1.0
BN,EL,1.0
BO,CZ,1.0
BO,ES,13.0
BO,IT,1.0
BO,PL,1.0
BO,SE,1.0
BO,SK,1.0
BR,AT,6.0
BR,BE,10.0
BR,BG,1.0
BR,CY,4.0
BR,CZ,4.0
BR,DE,23.0
BR,EE,1.0
BR,EL,4.0
BR,ES,2.0
BR,FR,34.0
BR,HR,5.0
BR,HU,4.0
BR,IE,6.0
BR,IT,22.0
BR,LT,3.0
BR,LU,1.0
BR,LV,1.0
BR,NL,14.0
BR,NO,2.0
BR,PL,17.0
BR,PT,2.0
BR,RO,6.0
BR,SE,8.0
BR,SK,2.0
BR,UK,2.0
BT,AT,1.0
BT,CZ,9.0
BT,ES,4.0
BT,IT,4.0
BT,PL,3.0
BT,SE,2.0
BT,SK,3.0
BW,EL,1.0
BW,HU,1.0
BY,AT,2.0
BY,BE,4.0
BY,CZ,18.0
BY,DE,38.0
BY,EE,13.0
BY,EL,5.0
BY,ES,13.0
BY,FI,2.0
BY,FR,11.0
BY,HR,1.0
BY,HU,3.0
BY,IE,1.0
BY,IT,21.0
BY,LT,13.0
BY,LV,12.0
BY,NO,2.0
BY,PL,50.0
BY,PT,16.0
BY,RO,5.0
BY,SI,7.0
BY,SK,8.0
BY,UK,9.0
CA,AT,8.0
CA,BE,7.0
CA,BG,2.0
CA,CY,1.0
CA,CZ,6.0
CA,DE,28.0
CA,DK,2.0
CA,EE,4.0
CA,EL,7.0
CA,ES,16.0
CA,FI,2.0
CA,FR,43.0
CA,HR,4.0
CA,HU,2.0
CA,IE,1.0
CA,IT,13.0
CA,NL,5.0
CA,NO,11.0
CA,PL,9.0
CA,PT,10.0
CA,RO,7.0
CA,SE,4.0
CA,SK,1.0
CA,UK,1.0
CD,ES,3.0
CI,DE,10.0
CI,ES,6.0
CI,FR,23.0
CL,AT,4.0
CL,BE,8.0
CL,CZ,2.0
CL,DE,21.0
CL,EE,5.0
CL,EL,1.0
CL,ES,5.0
CL,FR,22.0
CL,HR,2.0
CL,HU,2.0
CL,IT,1.0
CL,LT,1.0
CL,LV,1.0
CL,NL,4.0
CL,PL,2.0
CL,PT,3.0
CL,RO,10.0
CL,SE,6.0
CL,UK,2.0
CM,BE,1.0
CM,DE,13.0
CM,FR,8.0
CM,IT,7.0
CM,PL,12.0
CM,RO,1.0
CN,AT,35.0
CN,BE,25.0
CN,BG,19.0
CN,CY,1.0
CN,CZ,10.0
CN,DE,122.0
CN,DK,1.0
CN,EE,5.0
CN,EL,40.0
CN,ES,55.0
CN,FI,6.0
CN,FR,110.0
CN,HR,44.0
CN,HU,32.0
CN,IE,2.0
CN,IS,3.0
CN,IT,126.0
CN,LT,10.0
CN,NL,8.0
CN,NO,22.0
CN,PL,46.0
CN,PT,5.0
CN,RO,27.0
CN,SE,5.0
CN,SI,64.0
CN,SK,20.0
CN,TR,9.0
CN,UK,13.0
CO,AT,1.0
CO,BE,6.0
CO,BG,7.0
CO,CZ,3.0
CO,DE,16.0
CO,DK,4.0
CO,ES,3.0
CO,FR,28.0
CO,HR,1.0
CO,HU,9.0
CO,IT,14.0
CO,LI,1.0
CO,LT,2.0
CO,NL,9.0
CO,PL,1.0
CO,PT,8.0
CO,TR,1.0
CR,AT,2.0
CR,CZ,1.0
CR,DE,8.0
CR,ES,3.0
CR,PL,2.0
CU,AT,2.0
CU,BE,5.0
CU,CZ,1.0
CU,DE,13.0
CU,ES,2.0
CU,FR,1.0
CU,IT,3.0
CU,NL,2.0
CU,NO,1.0
CU,PL,1.0
CU,PT,1.0
CU,RO,1.0
CU,SE,2.0
CU,SK,2.0
CU,UK,2.0
CV,CZ,1.0
CV,ES,1.0
CY,AT,7.0
CY,AU,1.0
CY,BE,11.0
CY,BG,5.0
CY,CA,1.0
CY,CZ,2.0
CY,DE,30.0
CY,DK,6.0
CY,EE,1.0
CY,EG,2.0
CY,EL,138.0
CY,ES,60.0
CY,FI,5.0
CY,FR,20.0
CY,HR,2.0
CY,HU,4.0
CY,IE,3.0
CY,IL,8.0
CY,IS,1.0
CY,IT,36.0
CY,KE,1.0
CY,LB,2.0
CY,LT,2.0
CY,LV,5.0
CY,MN,1.0
CY,MT,3.0
CY,NL,7.0
CY,PL,14.0
CY,PT,33.0
CY,RO,6.0
CY,RS,3.0
CY,SC,1.0
CY,SE,9.0
CY,SI,2.0
CY,SK,1.0
CY,UK,37.0
CY,US,2.0
CY,ZA,2.0
CZ,AL,6.0
CZ,AM,5.0
CZ,AT,1077.0
CZ,AU,7.0
CZ,AZ,2.0
CZ,BA,21.0
CZ,BE,744.0
CZ,BG,152.0
CZ,BO,1.0
CZ,BR,1.0
CZ,BT,5.0
CZ,BY,5.0
CZ,CA,12.0
CZ,CL,2.0
CZ,CN,5.0
CZ,CY,79.0
CZ,DE,2338.0
CZ,DK,264.0
CZ,EE,312.0
CZ,EG,2.0
CZ,EL,375.0
CZ,ES,1772.0
CZ,FI,880.0
CZ,FR,1278.0
CZ,GE,5.0
CZ,GH,2.0
CZ,HR,249.0
CZ,HU,320.0
CZ,ID,7.0
CZ,IE,261.0
CZ,IL,55.0
CZ,IN,6.0
CZ,IR,2.0
CZ,IS,102.0
CZ,IT,1095.0
CZ,JO,2.0
CZ,JP,1.0
CZ,KE,1.0
CZ,KR,7.0
CZ,KZ,8.0
CZ,LI,29.0
CZ,LT,319.0
CZ,LU,22.0
CZ,LV,194.0
CZ,MA,21.0
CZ,MD,3.0
CZ,ME,3.0
CZ,MK,11.0
CZ,MT,110.0
CZ,MX,1.0
CZ,MY,1.0
CZ,NI,1.0
CZ,NL,535.0
CZ,NO,440.0
CZ,PL,921.0
CZ,PT,1416.0
CZ,RO,97.0
CZ,RS,28.0
CZ,RU,39.0
CZ,SE,528.0
CZ,SI,671.0
CZ,SK,896.0
CZ,TH,3.0
CZ,TR,247.0
CZ,TW,11.0
CZ,UA,24.0
CZ,UK,1206.0
CZ,US,12.0
CZ,UZ,3.0
CZ,VN,7.0
CZ,ZA,4.0
DE,AL,34.0
DE,AM,8.0
DE,AR,3.0
DE,AT,2271.0
DE,AU,32.0
DE,AZ,18.0
DE,BA,52.0
DE,BE,1452.0
DE,BG,174.0
DE,BO,3.0
DE,BT,2.0
DE,BY,19.0
DE,CA,21.0
DE,CI,1.0
DE,CL,8.0
DE,CM,6.0
DE,CN,17.0
DE,CO,13.0
DE,CR,2.0
DE,CY,104.0
DE,CZ,1285.0
DE,DK,1633.0
DE,DZ,2.0
DE,EC,1.0
DE,EE,546.0
DE,EG,63.0
DE,EL,688.0
DE,ES,6393.0
DE,ET,12.0
DE,FI,2536.0
DE,FR,6843.0
DE,GA,1.0
DE,GE,53.0
DE,GH,3.0
DE,HR,278.0
DE,HU,1159.0
DE,ID,15.0
DE,IE,947.0
DE,IL,174.0
DE,IN,7.0
DE,IQ,3.0
DE,IR,3.0
DE,IS,262.0
DE,IT,4745.0
DE,JO,53.0
DE,JP,29.0
DE,KE,4.0
DE,KG,10.0
DE,KH,3.0
DE,KR,12.0
DE,KZ,9.0
DE,LB,16.0
DE,LI,28.0
DE,LT,435.0
DE,LU,185.0
DE,LV,430.0
DE,MA,29.0
DE,MD,3.0
DE,ME,7.0
DE,MK,3.0
DE,ML,1.0
DE,MM,10.0
DE,MT,118.0
DE,MX,8.0
DE,MY,3.0
DE,NE,1.0
DE,NL,2211.0
DE,NO,2781.0
DE,NP,2.0
DE,NZ,1.0
DE,PH,1.0
DE,PL,2231.0
DE,PS,8.0
DE,PT,1984.0
DE,PY,2.0
DE,RO,304.0
DE,RS,84.0
DE,RU,206.0
DE,SD,2.0
DE,SE,4292.0
DE,SI,345.0
DE,SK,212.0
DE,TH,17.0
DE,TN,22.0
DE,TR,1018.0
DE,TW,5.0
DE,TZ,4.0
DE,UA,106.0
DE,UG,2.0
DE,UK,4831.0
DE,US,39.0
DE,UZ,17.0
DE,VN,29.0
DE,XK,14.0
DE,ZA,10.0
DK,AM,2.0
DK,AT,210.0
DK,AU,2.0
DK,BA,8.0
DK,BE,437.0
DK,BG,17.0
DK,CA,1.0
DK,CN,16.0
DK,CO,3.0
DK,CY,9.0
DK,CZ,104.0
DK,DE,766.0
DK,EE,30.0
DK,EL,27.0
DK,ES,331.0
DK,FI,122.0
DK,FR,549.0
DK,GE,3.0
DK,HR,16.0
DK,HU,68.0
DK,IE,50.0
DK,IL,4.0
DK,IS,46.0
DK,IT,462.0
DK,JO,1.0
DK,JP,1.0
DK,LB,1.0
DK,LI,3.0
DK,LT,50.0
DK,LU,4.0
DK,LV,31.0
DK,MA,1.0
DK,MK,1.0
DK,MT,7.0
DK,NL,492.0
DK,NO,429.0
DK,PE,1.0
DK,PL,82.0
DK,PT,152.0
DK,RO,19.0
DK,RS,3.0
DK,RU,10.0
DK,SE,206.0
DK,SI,36.0
DK,SK,18.0
DK,TR,63.0
DK,UK,628.0
DK,US,4.0
DK,UZ,7.0
DK,XK,1.0
DK,ZA,1.0
DO,BG,4.0
DO,CZ,1.0
DO,ES,9.0
DO,FR,1.0
DO,RO,1.0
DO,TR,1.0
DZ,BE,1.0
DZ,CZ,2.0
DZ,DE,2.0
DZ,EL,3.0
DZ,ES,25.0
DZ,FI,17.0
DZ,FR,84.0
DZ,HR,2.0
DZ,HU,2.0
DZ,IT,34.0
DZ,LV,23.0
DZ,PL,47.0
DZ,PT,40.0
DZ,RO,20.0
DZ,SE,9.0
DZ,TR,30.0
EC,BE,3.0
EC,DE,7.0
EC,EL,1.0
EC,ES,2.0
EC,FI,1.0
EC,FR,6.0
EC,HU,2.0
EC,PL,1.0
EC,RO,2.0
EE,AL,2.0
EE,AM,1.0
EE,AT,69.0
EE,AU,1.0
EE,AZ,2.0
EE,BA,2.0
EE,BE,86.0
EE,BG,11.0
EE,BY,2.0
EE,CA,2.0
EE,CL,6.0
EE,CN,4.0
EE,CY,13.0
EE,CZ,140.0
EE,DE,303.0
EE,DK,43.0
EE,DZ,1.0
EE,EL,21.0
EE,ES,142.0
EE,ET,2.0
EE,FI,252.0
EE,FR,123.0
EE,GA,1.0
EE,GE,12.0
EE,HR,37.0
EE,HU,68.0
EE,ID,2.0
EE,IE,9.0
EE,IL,12.0
EE,IN,2.0
EE,IS,13.0
EE,IT,185.0
EE,JO,1.0
EE,JP,3.0
EE,KZ,3.0
EE,LK,2.0
EE,LT,77.0
EE,LU,5.0
EE,LV,96.0
EE,MD,2.0
EE,MK,3.0
EE,MM,1.0
EE,MT,18.0
EE,MX,2.0
EE,MY,1.0
EE,MZ,2.0
EE,NL,99.0
EE,NO,41.0
EE,NP,1.0
EE,PL,67.0
EE,PS,6.0
EE,PT,106.0
EE,RO,4.0
EE,RS,7.0
EE,RU,30.0
EE,SE,109.0
EE,SG,1.0
EE,SI,19.0
EE,SK,19.0
EE,TH,7.0
EE,TJ,1.0
EE,TR,42.0
EE,TW,3.0
EE,UA,7.0
EE,UK,71.0
EE,US,3.0
EE,VN,11.0
EE,XK,1.0
EG,AT,1.0
EG,BG,13.0
EG,CZ,6.0
EG,DE,166.0
EG,EE,1.0
EG,EL,6.0
EG,ES,49.0
EG,FI,3.0
EG,FR,16.0
EG,HU,25.0
EG,IE,1.0
EG,IT,30.0
EG,LT,8.0
EG,LU,5.0
EG,LV,1.0
EG,NL,1.0
EG,PL,39.0
EG,PT,7.0
EG,RO,52.0
EG,SE,6.0
EG,SI,4.0
EG,SK,1.0
EG,UK,45.0
EL,AL,16.0
EL,AM,1.0
EL,AR,2.0
EL,AT,44.0
EL,AU,1.0
EL,AZ,2.0
EL,BA,4.0
EL,BE,91.0
EL,BG,37.0
EL,BN,1.0
EL,BR,4.0
EL,BW,2.0
EL,CA,8.0
EL,CL,1.0
EL,CN,16.0
EL,CO,1.0
EL,CU,2.0
EL,CY,181.0
EL,CZ,75.0
EL,DE,374.0
EL,DK,25.0
EL,DO,3.0
EL,EC,1.0
EL,EE,6.0
EL,EG,3.0
EL,ES,354.0
EL,FI,31.0
EL,FR,359.0
EL,GE,3.0
EL,HK,1.0
EL,HR,1.0
EL,HU,34.0
EL,IE,19.0
EL,IL,9.0
EL,IN,2.0
EL,IR,1.0
EL,IS,2.0
EL,IT,290.0
EL,JO,10.0
EL,JP,5.0
EL,KE,1.0
EL,KG,1.0
EL,KZ,5.0
EL,LB,4.0
EL,LT,12.0
EL,LU,2.0
EL,LV,13.0
EL,MA,8.0
EL,MD,1.0
EL,ME,4.0
EL,MK,1.0
EL,MT,14.0
EL,MX,5.0
EL,MY,1.0
EL,NL,82.0
EL,NO,34.0
EL,PL,68.0
EL,PT,98.0
EL,RO,69.0
EL,RS,22.0
EL,RU,25.0
EL,SE,41.0
EL,SG,2.0
EL,SI,13.0
EL,SK,16.0
EL,TH,2.0
EL,TN,1.0
EL,TR,62.0
EL,TW,1.0
EL,UA,5.0
EL,UG,2.0
EL,UK,303.0
EL,US,17.0
EL,UZ,2.0
EL,ZA,7.0
ES,AL,8.0
ES,AM,10.0
ES,AO,1.0
ES,AR,2.0
ES,AT,320.0
ES,AU,4.0
ES,AZ,2.0
ES,BA,9.0
ES,BE,770.0
ES,BG,54.0
ES,BO,4.0
ES,BY,3.0
ES,CA,17.0
ES,CI,2.0
ES,CL,8.0
ES,CN,25.0
ES,CO,1.0
ES,CU,6.0
ES,CV,2.0
ES,CY,11.0
ES,CZ,486.0
ES,DE,1853.0
ES,DK,346.0
ES,DZ,8.0
ES,EC,1.0
ES,EE,34.0
ES,EG,6.0
ES,EL,121.0
ES,FI,334.0
ES,FR,2173.0
ES,GE,9.0
ES,GH,2.0
ES,GT,2.0
ES,HN,2.0
ES,HR,44.0
ES,HU,172.0
ES,ID,5.0
ES,IE,230.0
ES,IL,16.0
ES,IN,3.0
ES,IS,32.0
ES,IT,3754.0
ES,JO,9.0
ES,JP,17.0
ES,KG,2.0
ES,KR,6.0
ES,KZ,4.0
ES,LB,5.0
ES,LI,3.0
ES,LT,117.0
ES,LU,17.0
ES,LV,44.0
ES,MA,27.0
ES,MD,4.0
ES,ME,1.0
ES,MG,2.0
ES,MK,3.0
ES,MT,60.0
ES,MX,3.0
ES,MY,10.0
ES,MZ,3.0
ES,NL,550.0
ES,NO,227.0
ES,PE,3.0
ES,PH,1.0
ES,PL,1118.0
ES,PS,4.0
ES,PT,1382.0
ES,PY,1.0
ES,RO,186.0
ES,RS,29.0
ES,RU,74.0
ES,SC,2.0
ES,SE,651.0
ES,SG,2.0
ES,SI,159.0
ES,SK,157.0
ES,SN,2.0
ES,SV,1.0
ES,TH,3.0
ES,TN,11.0
ES,TR,63.0
ES,TW,2.0
ES,UA,13.0
ES,UK,1511.0
ES,US,18.0
ES,UZ,1.0
ES,VN,5.0
ES,ZA,6.0
ES,ZM,1.0
ET,AT,2.0
ET,CZ,2.0
ET,DE,30.0
ET,ES,6.0
ET,HU,6.0
ET,IT,8.0
ET,NO,9.0
ET,PL,8.0
ET,TR,5.0
FI,AL,3.0
FI,AM,1.0
FI,AR,1.0
FI,AT,384.0
FI,BE,256.0
FI,BG,3.0
FI,CA,2.0
FI,CN,7.0
FI,CY,7.0
FI,CZ,274.0
FI,DE,1120.0
FI,DK,130.0
FI,EC,3.0
FI,EE,101.0
FI,EG,4.0
FI,EL,72.0
FI,ES,455.0
FI,FR,420.0
FI,GE,6.0
FI,GH,1.0
FI,HK,2.0
FI,HR,19.0
FI,HU,123.0
FI,IE,75.0
FI,IL,2.0
FI,IN,4.0
FI,IR,2.0
FI,IS,31.0
FI,IT,380.0
FI,JO,3.0
FI,JP,1.0
FI,KG,2.0
FI,KH,1.0
FI,KP,1.0
FI,KR,1.0
FI,KZ,3.0
FI,LI,13.0
FI,LT,55.0
FI,LU,21.0
FI,LV,41.0
FI,MA,1.0
FI,MD,1.0
FI,MK,2.0
FI,MN,1.0
FI,MT,17.0
FI,MY,2.0
FI,NL,516.0
FI,NO,137.0
FI,NP,3.0
FI,PH,3.0
FI,PL,88.0
FI,PT,216.0
FI,RO,19.0
FI,RS,15.0
FI,RU,11.0
FI,SE,280.0
FI,SI,72.0
FI,SK,22.0
FI,TH,2.0
FI,TR,15.0
FI,UA,7.0
FI,UK,398.0
FI,US,3.0
FI,VN,2.0
FI,XK,5.0
FI,ZA,1.0
FI,ZM,1.0
FJ,BG,1.0
FJ,DE,2.0
FJ,SI,1.0
FR,AL,25.0
FR,AM,30.0
FR,AR,5.0
FR,AT,1428.0
FR,AU,7.0
FR,AZ,4.0
FR,BA,17.0
FR,BE,6263.0
FR,BG,308.0
FR,BJ,3.0
FR,BR,3.0
FR,BY,2.0
FR,CA,52.0
FR,CI,6.0
FR,CL,5.0
FR,CM,7.0
FR,CN,33.0
FR,CO,5.0
FR,CU,1.0
FR,CY,112.0
FR,CZ,3036.0
FR,DE,10645.0
FR,DK,1796.0
FR,DZ,13.0
FR,EE,422.0
FR,EG,20.0
FR,EL,1148.0
FR,ES,11578.0
FR,FI,2692.0
FR,GA,1.0
FR,GE,33.0
FR,GH,8.0
FR,GT,1.0
FR,HR,397.0
FR,HT,24.0
FR,HU,1619.0
FR,ID,12.0
FR,IE,3485.0
FR,IL,10.0
FR,IN,9.0
FR,IR,9.0
FR,IS,307.0
FR,IT,7055.0
FR,JO,1.0
FR,JP,93.0
FR,KG,3.0
FR,KH,29.0
FR,KR,7.0
FR,KZ,26.0
FR,LA,2.0
FR,LB,45.0
FR,LI,7.0
FR,LT,527.0
FR,LU,1413.0
FR,LV,378.0
FR,MA,65.0
FR,MD,9.0
FR,ME,7.0
FR,MG,21.0
FR,MK,12.0
FR,MN,1.0
FR,MT,763.0
FR,MU,3.0
FR,MX,6.0
FR,NE,1.0
FR,NL,3990.0
FR,NO,2626.0
FR,NZ,4.0
FR,PE,2.0
FR,PL,3099.0
FR,PS,14.0
FR,PT,2044.0
FR,RO,1534.0
FR,RS,74.0
FR,RU,173.0
FR,SE,4639.0
FR,SG,3.0
FR,SI,417.0
FR,SK,436.0
FR,SN,19.0
FR,TH,13.0
FR,TN,106.0
FR,TR,690.0
FR,TW,2.0
FR,UA,82.0
FR,UK,11193.0
FR,US,39.0
FR,UZ,5.0
FR,VE,2.0
FR,VN,51.0
FR,XK,2.0
FR,ZA,12.0
GA,DE,5.0
GA,FR,1.0
GA,PL,2.0
GE,AT,62.0
GE,BE,16.0
GE,BG,12.0
GE,CZ,7.0
GE,DE,168.0
GE,DK,3.0
GE,EE,22.0
GE,EL,10.0
GE,ES,51.0
GE,FI,27.0
GE,FR,124.0
GE,HR,2.0
GE,HU,18.0
GE,IE,4.0
GE,IT,120.0
GE,LI,9.0
GE,LT,9.0
GE,LU,2.0
GE,LV,2.0
GE,NL,26.0
GE,NO,12.0
GE,PL,130.0
GE,PT,36.0
GE,RO,20.0
GE,SE,18.0
GE,SI,1.0
GE,SK,15.0
GE,TR,2.0
GE,UK,34.0
GH,AT,4.0
GH,CZ,2.0
GH,DE,18.0
GH,DK,1.0
GH,ES,8.0
GH,FI,3.0
GH,FR,23.0
GH,IS,2.0
GH,IT,2.0
GH,LT,4.0
GH,SK,1.0
GM,BE,5.0
GT,ES,12.0
GT,FR,2.0
GT,NO,2.0
GT,PL,5.0
GT,SK,2.0
HK,AT,2.0
HK,BE,3.0
HK,EL,3.0
HK,FI,1.0
HK,IT,6.0
HK,LI,1.0
HK,LV,3.0
HK,NO,1.0
HK,PL,6.0
HN,ES,3.0
HN,LV,2.0
HN,PL,9.0
HR,AL,2.0
HR,AM,4.0
HR,AR,1.0
HR,AT,528.0
HR,AU,5.0
HR,AZ,7.0
HR,BA,24.0
HR,BE,123.0
HR,BG,29.0
HR,BR,1.0
HR,CA,1.0
HR,CL,3.0
HR,CN,11.0
HR,CO,1.0
HR,CU,2.0
HR,CY,10.0
HR,CZ,369.0
HR,DE,778.0
HR,DK,46.0
HR,EE,24.0
HR,EL,38.0
HR,ES,661.0
HR,FI,71.0
HR,FR,218.0
HR,GE,5.0
HR,HK,1.0
HR,HU,94.0
HR,ID,7.0
HR,IE,69.0
HR,IL,13.0
HR,IR,1.0
HR,IS,7.0
HR,IT,632.0
HR,KG,1.0
HR,KR,2.0
HR,KZ,1.0
HR,LT,35.0
HR,LU,1.0
HR,LV,32.0
HR,MA,2.0
HR,ME,5.0
HR,MK,15.0
HR,MT,29.0
HR,NL,113.0
HR,NO,26.0
HR,PL,499.0
HR,PT,604.0
HR,RO,15.0
HR,RS,24.0
HR,RU,24.0
HR,SE,89.0
HR,SI,367.0
HR,SK,90.0
HR,TH,3.0
HR,TR,40.0
HR,UA,11.0
HR,UK,127.0
HR,US,6.0
HR,UZ,2.0
HR,XK,3.0
HR,ZA,2.0
HT,ES,2.0
HT,FR,19.0
HU,AL,18.0
HU,AM,21.0
HU,AR,6.0
HU,AT,680.0
HU,AU,2.0
HU,AZ,3.0
HU,BA,8.0
HU,BE,380.0
HU,BG,44.0
HU,BR,3.0
HU,BT,3.0
HU,BY,1.0
HU,CA,2.0
HU,CL,2.0
HU,CN,16.0
HU,CO,5.0
HU,CV,1.0
HU,CY,56.0
HU,CZ,317.0
HU,DE,1873.0
HU,DK,114.0
HU,DZ,4.0
HU,EE,95.0
HU,EG,8.0
HU,EL,146.0
HU,ES,799.0
HU,ET,8.0
HU,FI,308.0
HU,FR,705.0
HU,GE,16.0
HU,GH,1.0
HU,HR,106.0
HU,ID,4.0
HU,IE,125.0
HU,IL,69.0
HU,IN,2.0
HU,IR,3.0
HU,IS,22.0
HU,IT,1140.0
HU,JO,4.0
HU,JP,2.0
HU,KE,5.0
HU,KG,1.0
HU,KR,6.0
HU,KZ,7.0
HU,LB,6.0
HU,LI,7.0
HU,LT,60.0
HU,LU,10.0
HU,LV,45.0
HU,MA,3.0
HU,MD,3.0
HU,MK,4.0
HU,MM,3.0
HU,MN,4.0
HU,MT,45.0
HU,MX,5.0
HU,NL,437.0
HU,NO,162.0
HU,NP,1.0
HU,NZ,3.0
HU,PH,1.0
HU,PL,504.0
HU,PT,589.0
HU,RO,817.0
HU,RS,54.0
HU,RU,24.0
HU,SE,211.0
HU,SG,1.0
HU,SI,126.0
HU,SK,198.0
HU,TH,11.0
HU,TR,87.0
HU,TW,2.0
HU,UA,25.0
HU,UK,528.0
HU,US,20.0
HU,VN,9.0
HU,ZA,7.0
ID,AT,11.0
ID,BG,4.0
ID,CZ,8.0
ID,DE,24.0
ID,DK,1.0
ID,ES,15.0
ID,FR,53.0
ID,HR,4.0
ID,HU,6.0
ID,IT,4.0
ID,LT,6.0
ID,LV,1.0
ID,NL,8.0
ID,NO,2.0
ID,PL,22.0
ID,PT,1.0
ID,RO,2.0
ID,SE,2.0
ID,SK,7.0
ID,TR,2.0
ID,UK,2.0
IE,AT,41.0
IE,AU,1.0
IE,BD,3.0
IE,BE,33.0
IE,BG,1.0
IE,BR,4.0
IE,BY,1.0
IE,CL,1.0
IE,CN,4.0
IE,CY,1.0
IE,CZ,6.0
IE,DE,123.0
IE,DK,26.0
IE,DZ,2.0
IE,EE,8.0
IE,EG,1.0
IE,EL,9.0
IE,ES,73.0
IE,FI,11.0
IE,FR,168.0
IE,GE,4.0
IE,HR,9.0
IE,HU,6.0
IE,IL,4.0
IE,IN,1.0
IE,IS,4.0
IE,IT,42.0
IE,JP,2.0
IE,LB,1.0
IE,LI,5.0
IE,LT,2.0
IE,LU,1.0
IE,MA,2.0
IE,MT,18.0
IE,MX,1.0
IE,MY,1.0
IE,NL,152.0
IE,NO,13.0
IE,NP,1.0
IE,NZ,1.0
IE,PK,1.0
IE,PL,31.0
IE,PT,32.0
IE,RO,10.0
IE,RU,2.0
IE,SE,40.0
IE,SI,4.0
IE,SK,2.0
IE,TR,8.0
IE,UA,3.0
IE,UK,77.0
IE,VN,2.0
IE,ZA,1.0
IL,AT,39.0
IL,BE,9.0
IL,BG,6.0
IL,CY,7.0
IL,CZ,50.0
IL,DE,153.0
IL,DK,13.0
IL,EE,7.0
IL,EL,13.0
IL,ES,17.0
IL,FI,9.0
IL,FR,6.0
IL,HR,19.0
IL,HU,39.0
IL,IE,4.0
IL,IT,72.0
IL,LI,3.0
IL,LT,11.0
IL,LU,1.0
IL,LV,16.0
IL,NL,9.0
IL,NO,3.0
IL,PL,41.0
IL,PT,5.0
IL,RO,22.0
IL,SE,7.0
IL,SI,1.0
IL,SK,9.0
IL,TR,2.0
IL,UK,12.0
IN,AT,6.0
IN,BE,2.0
IN,BG,2.0
IN,CZ,9.0
IN,DE,46.0
IN,DK,17.0
IN,EE,3.0
IN,EL,4.0
IN,ES,15.0
IN,FI,10.0
IN,FR,49.0
IN,HR,1.0
IN,HU,2.0
IN,IE,3.0
IN,IT,34.0
IN,LI,1.0
IN,LT,9.0
IN,LV,20.0
IN,NL,4.0
IN,NO,31.0
IN,PL,35.0
IN,PT,7.0
IN,RO,4.0
IN,SE,12.0
IN,SI,10.0
IN,TR,2.0
IN,UK,14.0
IQ,DE,3.0
IQ,PL,1.0
IQ,SK,6.0
IQ,TR,6.0
IQ,UK,1.0
IR,AT,9.0
IR,CZ,2.0
IR,DE,31.0
IR,EL,4.0
IR,ES,5.0
IR,FI,3.0
IR,FR,36.0
IR,IT,8.0
IR,LT,5.0
IR,LV,3.0
IR,NL,4.0
IR,PL,17.0
IR,PT,4.0
IR,RO,21.0
IR,SE,6.0
IR,TR,10.0
IS,AT,20.0
IS,BE,19.0
IS,BG,2.0
IS,CA,1.0
IS,CN,4.0
IS,CO,1.0
IS,CY,1.0
IS,CZ,7.0
IS,DE,49.0
IS,DK,106.0
IS,EE,3.0
IS,EL,3.0
IS,ES,35.0
IS,FI,14.0
IS,FR,29.0
IS,HR,3.0
IS,HU,7.0
IS,ID,1.0
IS,IE,5.0
IS,IL,1.0
IS,IN,1.0
IS,IT,39.0
IS,JP,2.0
IS,LT,4.0
IS,LU,1.0
IS,LV,13.0
IS,MT,5.0
IS,NL,42.0
IS,NO,71.0
IS,PL,11.0
IS,PT,7.0
IS,RO,2.0
IS,RS,1.0
IS,RU,1.0
IS,SE,60.0
IS,SI,5.0
IS,UK,40.0
IT,AL,114.0
IT,AM,36.0
IT,AR,14.0
IT,AT,2105.0
IT,AU,26.0
IT,AZ,8.0
IT,BA,49.0
IT,BE,4385.0
IT,BG,411.0
IT,BO,2.0
IT,BR,6.0
IT,BY,13.0
IT,CA,28.0
IT,CL,2.0
IT,CN,20.0
IT,CO,1.0
IT,CU,2.0
IT,CY,170.0
IT,CZ,1540.0
IT,DE,9865.0
IT,DK,1262.0
IT,DZ,6.0
IT,EE,373.0
IT,EG,4.0
IT,EL,1129.0
IT,ES,23940.0
IT,ET,10.0
IT,FI,1326.0
IT,FR,11460.0
IT,GE,35.0
IT,GT,1.0
IT,HK,6.0
IT,HR,551.0
IT,HU,1285.0
IT,IE,1270.0
IT,IL,78.0
IT,IN,5.0
IT,IR,3.0
IT,IS,120.0
IT,JO,27.0
IT,JP,51.0
IT,KE,1.0
IT,KG,4.0
IT,KH,3.0
IT,KR,10.0
IT,KZ,1.0
IT,LA,2.0
IT,LB,32.0
IT,LI,9.0
IT,LT,851.0
IT,LU,135.0
IT,LV,354.0
IT,MA,102.0
IT,MD,2.0
IT,ME,25.0
IT,MG,2.0
IT,MK,39.0
IT,MM,3.0
IT,MN,7.0
IT,MO,3.0
IT,MT,696.0
IT,MY,1.0
IT,MZ,2.0
IT,NL,3582.0
IT,NO,1450.0
IT,NP,9.0
IT,NZ,4.0
IT,PH,1.0
IT,PL,4235.0
IT,PS,30.0
IT,PT,5579.0
IT,RO,1712.0
IT,RS,125.0
IT,RU,211.0
IT,SE,2173.0
IT,SG,3.0
IT,SI,469.0
IT,SK,555.0
IT,SN,2.0
IT,SO,1.0
IT,SV,1.0
IT,TH,5.0
IT,TN,76.0
IT,TR,355.0
IT,TW,10.0
IT,UA,22.0
IT,UG,8.0
IT,UK,7117.0
IT,US,63.0
IT,UZ,4.0
IT,VN,36.0
IT,XK,5.0
IT,ZA,11.0
JM,SE,3.0
JM,UK,2.0
JO,BE,10.0
JO,BG,3.0
JO,CY,2.0
JO,DE,32.0
JO,DK,1.0
JO,EE,3.0
JO,EL,12.0
JO,ES,7.0
JO,FI,11.0
JO,HU,2.0
JO,IT,8.0
JO,LT,1.0
JO,LV,1.0
JO,PL,15.0
JO,PT,15.0
JO,RO,5.0
JO,SE,8.0
JO,SK,4.0
JO,TR,12.0
JO,UK,3.0
JP,AT,6.0
JP,BE,1.0
JP,BG,6.0
JP,CY,2.0
JP,CZ,5.0
JP,DE,29.0
JP,EE,5.0
JP,EL,3.0
JP,ES,18.0
JP,FR,55.0
JP,HR,1.0
JP,HU,1.0
JP,IS,1.0
JP,IT,26.0
JP,LT,5.0
JP,NL,1.0
JP,NO,2.0
JP,PL,39.0
JP,PT,4.0
JP,RO,18.0
JP,SI,1.0
JP,SK,7.0
JP,TR,2.0
KE,AT,1.0
KE,CZ,5.0
KE,DE,15.0
KE,EL,1.0
KE,FI,1.0
KE,HU,6.0
KE,IE,2.0
KE,IT,1.0
KE,LT,1.0
KE,LV,3.0
KE,NL,2.0
KE,PL,18.0
KE,SK,1.0
KG,AT,9.0
KG,BG,7.0
KG,CZ,4.0
KG,DE,33.0
KG,EE,2.0
KG,ES,15.0
KG,FI,1.0
KG,FR,7.0
KG,HR,2.0
KG,HU,2.0
KG,IT,22.0
KG,NO,2.0
KG,PL,12.0
KG,PT,2.0
KG,RO,3.0
KG,TR,1.0
KH,BE,4.0
KH,CZ,3.0
KH,DE,6.0
KH,FR,57.0
KH,IT,7.0
KH,PL,7.0
KH,PT,3.0
KH,RO,3.0
KR,AT,3.0
KR,BE,2.0
KR,BG,4.0
KR,CZ,4.0
KR,DE,10.0
KR,ES,3.0
KR,FI,2.0
KR,HR,4.0
KR,HU,6.0
KR,IT,9.0
KR,LV,1.0
KR,NO,1.0
KR,PL,15.0
KR,PT,2.0
KR,RO,1.0
KR,SI,1.0
KZ,AT,4.0
KZ,BE,13.0
KZ,BG,1.0
KZ,CZ,25.0
KZ,DE,49.0
KZ,EE,7.0
KZ,ES,30.0
KZ,FI,12.0
KZ,FR,92.0
KZ,HR,7.0
KZ,HU,14.0
KZ,IT,42.0
KZ,LI,2.0
KZ,LT,16.0
KZ,LV,9.0
KZ,NO,2.0
KZ,PL,53.0
KZ,PT,20.0
KZ,RO,15.0
KZ,SE,9.0
KZ,SI,7.0
KZ,SK,2.0
KZ,TR,12.0
KZ,UK,11.0
LA,DE,1.0
LA,FR,2.0
LA,PT,3.0
LA,RO,6.0
LA,SE,1.0
LB,AT,1.0
LB,BE,13.0
LB,BG,2.0
LB,CY,2.0
LB,DE,16.0
LB,DK,3.0
LB,EL,5.0
LB,ES,9.0
LB,FI,4.0
LB,FR,130.0
LB,HU,4.0
LB,IE,3.0
LB,IS,2.0
LB,IT,39.0
LB,LT,5.0
LB,NL,1.0
LB,PL,11.0
LB,PT,3.0
LB,RO,1.0
LB,SE,7.0
LB,SI,3.0
LB,UK,6.0
LI,AT,5.0
LI,BE,5.0
LI,BG,1.0
LI,CH,1.0
LI,CZ,15.0
LI,DE,26.0
LI,DK,4.0
LI,ES,12.0
LI,FI,5.0
LI,FR,5.0
LI,GE,2.0
LI,HU,3.0
LI,IE,4.0
LI,IL,6.0
LI,IS,1.0
LI,IT,11.0
LI,LV,1.0
LI,NL,11.0
LI,NO,7.0
LI,PL,8.0
LI,PT,4.0
LI,RO,3.0
LI,RU,1.0
LI,SE,1.0
LI,UK,6.0
LK,CZ,1.0
LK,ES,3.0
LK,IT,3.0
LK,LV,5.0
LK,NO,13.0
LK,RO,2.0
LK,SE,4.0
LK,TR,10.0
LK,UK,2.0
LS,LV,4.0
LS,PL,4.0
LT,AL,5.0
LT,AM,1.0
LT,AR,2.0
LT,AT,146.0
LT,AU,2.0
LT,AZ,5.0
LT,BA,14.0
LT,BE,131.0
LT,BG,32.0
LT,BR,2.0
LT,BY,9.0
LT,CA,5.0
LT,CL,2.0
LT,CM,1.0
LT,CN,6.0
LT,CO,4.0
LT,CY,63.0
LT,CZ,294.0
LT,DE,822.0
LT,DK,82.0
LT,EE,104.0
LT,EG,7.0
LT,EL,58.0
LT,ES,397.0
LT,FI,140.0
LT,FR,290.0
LT,GE,6.0
LT,HR,87.0
LT,HU,72.0
LT,ID,6.0
LT,IE,21.0
LT,IL,26.0
LT,IN,9.0
LT,IR,2.0
LT,IS,17.0
LT,IT,487.0
LT,JO,5.0
LT,JP,3.0
LT,KR,6.0
LT,KZ,20.0
LT,LB,15.0
LT,LU,12.0
LT,LV,229.0
LT,MA,7.0
LT,MD,3.0
LT,ME,2.0
LT,MK,12.0
LT,MT,77.0
LT,MX,5.0
LT,MY,7.0
LT,NL,95.0
LT,NO,114.0
LT,PH,1.0
LT,PL,318.0
LT,PT,278.0
LT,RO,29.0
LT,RS,19.0
LT,RU,22.0
LT,SE,127.0
LT,SI,69.0
LT,SK,47.0
LT,TH,5.0
LT,TN,4.0
LT,TR,150.0
LT,TW,4.0
LT,UA,29.0
LT,UK,158.0
LT,US,7.0
LT,VN,2.0
LT,XK,4.0
LT,ZA,1.0
LU,AT,3.0
LU,BE,22.0
LU,DE,33.0
LU,EL,1.0
LU,ES,6.0
LU,FR,23.0
LU,HU,3.0
LU,IL,1.0
LU,IT,14.0
LU,LV,1.0
LU,NL,6.0
LU,PL,1.0
LU,PT,4.0
LU,RO,1.0
LU,RU,3.0
LU,SE,1.0
LU,SI,2.0
LU,UK,3.0
LV,AL,5.0
LV,AT,56.0
LV,BA,2.0
LV,BE,45.0
LV,BG,50.0
LV,BY,9.0
LV,CN,2.0
LV,CY,19.0
LV,CZ,155.0
LV,DE,295.0
LV,DK,40.0
LV,EE,122.0
LV,EG,1.0
LV,EL,25.0
LV,ES,236.0
LV,FI,58.0
LV,FR,127.0
LV,GE,2.0
LV,HK,11.0
LV,HR,19.0
LV,HU,19.0
LV,ID,1.0
LV,IE,7.0
LV,IL,12.0
LV,IN,4.0
LV,IR,1.0
LV,IS,13.0
LV,IT,184.0
LV,JO,1.0
LV,KE,1.0
LV,KR,3.0
LV,KZ,4.0
LV,LI,5.0
LV,LK,2.0
LV,LT,406.0
LV,LU,4.0
LV,MA,3.0
LV,MT,25.0
LV,MY,1.0
LV,NL,73.0
LV,NO,38.0
LV,PH,6.0
LV,PL,126.0
LV,PT,117.0
LV,RO,22.0
LV,RS,3.0
LV,RU,25.0
LV,SE,89.0
LV,SI,15.0
LV,SK,12.0
LV,TJ,1.0
LV,TR,45.0
LV,UA,10.0
LV,UK,39.0
LV,US,3.0
LV,XK,1.0
LY,LV,6.0
MA,BE,28.0
MA,BG,4.0
MA,CZ,27.0
MA,DE,53.0
MA,DK,2.0
MA,EE,1.0
MA,EL,7.0
MA,ES,83.0
MA,FI,34.0
MA,FR,375.0
MA,HR,5.0
MA,HU,7.0
MA,IE,1.0
MA,IT,154.0
MA,LT,2.0
MA,LU,7.0
MA,LV,9.0
MA,NL,1.0
MA,PL,114.0
MA,PT,43.0
MA,RO,37.0
MA,SE,9.0
MA,SK,3.0
MA,TR,23.0
MD,AT,5.0
MD,BE,10.0
MD,BG,1.0
MD,CZ,3.0
MD,DE,9.0
MD,EE,2.0
MD,EL,15.0
MD,ES,34.0
MD,FI,1.0
MD,FR,26.0
MD,HU,7.0
MD,IT,12.0
MD,LT,8.0
MD,NL,9.0
MD,PL,9.0
MD,PT,3.0
MD,RO,59.0
MD,SI,2.0
MD,SK,5.0
MD,TR,4.0
MD,UK,5.0
ME,AT,11.0
ME,BG,3.0
ME,CZ,2.0
ME,DE,17.0
ME,EE,5.0
ME,EL,3.0
ME,FR,26.0
ME,HR,9.0
ME,IS,1.0
ME,IT,46.0
ME,LT,3.0
ME,LV,1.0
ME,PL,11.0
ME,PT,10.0
ME,RO,1.0
ME,SE,9.0
ME,SI,5.0
ME,SK,13.0
ME,TR,2.0
ME,UK,15.0
MG,BE,1.0
MG,DE,6.0
MG,ES,2.0
MG,FR,36.0
MG,PL,4.0
MK,AL,1.0
MK,AT,4.0
MK,BA,1.0
MK,BG,12.0
MK,CZ,5.0
MK,DE,16.0
MK,EL,3.0
MK,ES,7.0
MK,FR,1.0
MK,HR,16.0
MK,HU,2.0
MK,IT,24.0
MK,JP,1.0
MK,LT,3.0
MK,LV,1.0
MK,NL,1.0
MK,PL,11.0
MK,PT,5.0
MK,RO,2.0
MK,RS,1.0
MK,SE,5.0
MK,SI,16.0
MK,TR,4.0
ML,DK,1.0
ML,FR,1.0
ML,IT,2.0
MM,AT,2.0
MM,DE,26.0
MM,EE,5.0
MM,ES,2.0
MM,FI,5.0
MM,IT,19.0
MM,SE,7.0
MN,AT,11.0
MN,CZ,4.0
MN,ES,3.0
MN,FI,1.0
MN,FR,6.0
MN,HU,6.0
MN,IT,7.0
MN,PL,9.0
MN,PT,1.0
MO,ES,1.0
MO,IT,5.0
MO,PT,2.0
MO,UK,1.0
MT,AT,4.0
MT,BE,2.0
MT,CZ,2.0
MT,DE,7.0
MT,EE,2.0
MT,EL,2.0
MT,ES,7.0
MT,FI,1.0
MT,FR,5.0
MT,HU,1.0
MT,IE,8.0
MT,IT,17.0
MT,LT,1.0
MT,NL,4.0
MT,NO,2.0
MT,PL,6.0
MT,PT,1.0
MT,SE,3.0
MT,TR,1.0
MT,UK,6.0
MU,BG,2.0
MU,ES,1.0
MU,FR,2.0
MU,RO,1.0
MU,SK,2.0
MW,NO,3.0
MW,UK,1.0
MX,BG,1.0
MX,CZ,2.0
MX,DE,9.0
MX,EE,4.0
MX,EL,1.0
MX,ES,1.0
MX,FR,19.0
MX,HU,4.0
MX,IE,2.0
MX,IT,2.0
MX,LV,2.0
MX,NO,1.0
MX,PL,11.0
MX,RO,9.0
MX,SK,4.0
MX,UK,1.0
MY,AT,3.0
MY,DE,9.0
MY,EE,2.0
MY,EL,4.0
MY,ES,18.0
MY,FR,8.0
MY,HU,1.0
MY,IE,2.0
MY,IT,16.0
MY,LT,2.0
MY,LV,2.0
MY,PL,5.0
MY,PT,1.0
MY,RO,2.0
MY,SE,4.0
MY,SI,1.0
MY,SK,4.0
MY,TR,12.0
MY,UK,5.0
MZ,EE,1.0
MZ,ES,9.0
MZ,IT,2.0
MZ,PL,3.0
NE,DE,2.0
NE,FR,3.0
NE,PL,1.0
NE,SI,1.0
NG,CZ,2.0
NG,DE,3.0
NG,ES,5.0
NG,HR,2.0
NG,IS,1.0
NG,IT,2.0
NG,LT,2.0
NG,SE,2.0
NG,UK,1.0
NI,AT,1.0
NI,BE,3.0
NI,CZ,10.0
NL,AL,8.0
NL,AM,1.0
NL,AT,268.0
NL,AU,8.0
NL,BA,12.0
NL,BE,677.0
NL,BG,22.0
NL,BT,1.0
NL,CA,8.0
NL,CN,7.0
NL,CU,1.0
NL,CY,22.0
NL,CZ,101.0
NL,DE,1817.0
NL,DK,523.0
NL,EE,39.0
NL,EG,4.0
NL,EL,101.0
NL,ES,775.0
NL,FI,325.0
NL,FR,520.0
NL,GE,2.0
NL,HR,32.0
NL,HU,86.0
NL,ID,25.0
NL,IE,153.0
NL,IL,20.0
NL,IN,1.0
NL,IR,1.0
NL,IS,43.0
NL,IT,750.0
NL,JP,5.0
NL,KZ,1.0
NL,LB,2.0
NL,LT,57.0
NL,LU,18.0
NL,LV,32.0
NL,MA,4.0
NL,MD,2.0
NL,MK,4.0
NL,MT,37.0
NL,NO,461.0
NL,NZ,1.0
NL,PE,1.0
NL,PL,92.0
NL,PS,1.0
NL,PT,340.0
NL,RO,44.0
NL,RS,7.0
NL,RU,35.0
NL,SE,869.0
NL,SI,34.0
NL,SK,9.0
NL,SN,4.0
NL,TR,80.0
NL,TZ,5.0
NL,UA,9.0
NL,UK,1428.0
NL,US,1.0
NL,UZ,3.0
NL,VN,4.0
NL,XK,13.0
NO,AL,7.0
NO,AT,231.0
NO,AU,3.0
NO,BA,1.0
NO,BE,206.0
NO,BG,3.0
NO,BO,1.0
NO,BY,1.0
NO,CA,6.0
NO,CN,3.0
NO,CU,5.0
NO,CY,7.0
NO,CZ,96.0
NO,DE,691.0
NO,DK,436.0
NO,EE,20.0
NO,EG,2.0
NO,EL,34.0
NO,ES,481.0
NO,ET,4.0
NO,FI,67.0
NO,FR,666.0
NO,GE,4.0
NO,GH,1.0
NO,HR,10.0
NO,HU,62.0
NO,ID,2.0
NO,IE,50.0
NO,IL,1.0
NO,IN,1.0
NO,IS,57.0
NO,IT,646.0
NO,JP,3.0
NO,KR,2.0
NO,KZ,1.0
NO,LK,4.0
NO,LT,27.0
NO,LU,1.0
NO,LV,15.0
NO,MT,5.0
NO,MX,1.0
NO,NL,420.0
NO,NP,4.0
NO,PL,61.0
NO,PS,7.0
NO,PT,305.0
NO,RO,13.0
NO,RS,7.0
NO,RU,13.0
NO,SE,263.0
NO,SI,33.0
NO,SK,18.0
NO,TH,1.0
NO,TN,1.0
NO,TR,18.0
NO,TW,1.0
NO,TZ,2.0
NO,UA,9.0
NO,UG,2.0
NO,UK,446.0
NO,US,4.0
NO,XK,1.0
NO,ZA,1.0
NP,AT,1.0
NP,BG,1.0
NP,DE,10.0
NP,EE,2.0
NP,EL,1.0
NP,ES,5.0
NP,FI,9.0
NP,HU,3.0
NP,IE,1.0
NP,IT,36.0
NP,NO,11.0
NP,PL,4.0
NP,PT,7.0
NP,RO,1.0
NP,SK,3.0
NP,TR,3.0
NZ,AT,3.0
NZ,DE,4.0
NZ,ES,1.0
NZ,FR,2.0
NZ,HU,1.0
NZ,PL,2.0
NZ,SI,1.0
NZ,TR,1.0
PA,LV,1.0
PA,PL,2.0
PE,BE,4.0
PE,CZ,1.0
PE,ES,9.0
PE,FR,2.0
PE,PL,3.0
PE,RO,3.0
PG,ES,5.0
PG,PL,1.0
PH,AT,1.0
PH,BE,5.0
PH,DE,7.0
PH,ES,9.0
PH,FI,5.0
PH,HU,1.0
PH,LV,6.0
PH,MK,1.0
PH,PL,1.0
PH,PT,2.0
PH,RO,7.0
PH,TR,3.0
PK,AT,1.0
PK,CY,5.0
PK,DE,14.0
PK,ES,17.0
PK,FR,7.0
PK,IT,1.0
PK,PT,1.0
PK,TR,3.0
PK,UK,5.0
PL,AL,24.0
PL,AM,8.0
PL,AR,2.0
PL,AT,828.0
PL,AU,8.0
PL,AZ,15.0
PL,BA,25.0
PL,BD,1.0
PL,BE,846.0
PL,BG,430.0
PL,BR,8.0
PL,BT,6.0
PL,BY,29.0
PL,CA,10.0
PL,CL,2.0
PL,CM,2.0
PL,CN,25.0
PL,CO,1.0
PL,CU,1.0
PL,CY,215.0
PL,CZ,2126.0
PL,DE,4797.0
PL,DK,298.0
PL,DZ,6.0
PL,EC,1.0
PL,EE,156.0
PL,EG,31.0
PL,EL,1051.0
PL,ES,6021.0
PL,ET,4.0
PL,FI,416.0
PL,FR,2388.0
PL,GA,1.0
PL,GE,53.0
PL,GT,1.0
PL,HK,4.0
PL,HR,916.0
PL,HU,693.0
PL,ID,14.0
PL,IE,310.0
PL,IL,81.0
PL,IN,11.0
PL,IR,3.0
PL,IS,83.0
PL,IT,4968.0
PL,JO,15.0
PL,JP,14.0
PL,KE,4.0
PL,KG,6.0
PL,KH,1.0
PL,KR,9.0
PL,KZ,36.0
PL,LB,3.0
PL,LI,7.0
PL,LT,457.0
PL,LU,93.0
PL,LV,293.0
PL,MA,43.0
PL,MD,6.0
PL,ME,10.0
PL,MG,1.0
PL,MK,39.0
PL,MM,2.0
PL,MN,2.0
PL,MT,270.0
PL,MX,4.0
PL,MY,4.0
PL,NE,1.0
PL,NL,872.0
PL,NO,502.0
PL,NP,5.0
PL,NZ,1.0
PL,PE,2.0
PL,PG,1.0
PL,PS,2.0
PL,PT,3835.0
PL,RO,403.0
PL,RS,147.0
PL,RU,141.0
PL,SE,426.0
PL,SG,2.0
PL,SI,567.0
PL,SK,1174.0
PL,SN,1.0
PL,SR,1.0
PL,SV,3.0
PL,TH,4.0
PL,TN,7.0
PL,TR,720.0
PL,TW,13.0
PL,UA,132.0
PL,UK,1437.0
PL,US,41.0
PL,UZ,4.0
PL,VN,23.0
PL,XK,13.0
PL,ZA,15.0
PS,AT,5.0
PS,BE,12.0
PS,CY,2.0
PS,CZ,2.0
PS,DE,16.0
PS,EE,5.0
PS,ES,9.0
PS,FI,7.0
PS,FR,27.0
PS,IE,1.0
PS,IS,8.0
PS,IT,92.0
PS,NO,4.0
PS,PL,8.0
PS,PT,7.0
PS,RO,1.0
PS,SE,8.0
PS,SK,1.0
PS,TR,2.0
PS,UK,29.0
PT,AL,9.0
PT,AM,11.0
PT,AT,282.0
PT,AU,6.0
PT,BA,10.0
PT,BE,666.0
PT,BG,74.0
PT,BR,2.0
PT,BY,3.0
PT,CA,8.0
PT,CL,2.0
PT,CN,3.0
PT,CO,9.0
PT,CU,1.0
PT,CY,10.0
PT,CZ,759.0
PT,DE,1275.0
PT,DK,263.0
PT,DZ,5.0
PT,EE,61.0
PT,EG,3.0
PT,EL,185.0
PT,ES,2502.0
PT,FI,280.0
PT,FR,988.0
PT,GE,9.0
PT,HR,171.0
PT,HU,355.0
PT,ID,1.0
PT,IE,162.0
PT,IL,6.0
PT,IN,17.0
PT,IQ,1.0
PT,IS,10.0
PT,IT,2444.0
PT,JO,13.0
PT,JP,6.0
PT,KH,8.0
PT,KR,3.0
PT,LA,1.0
PT,LB,2.0
PT,LT,143.0
PT,LU,33.0
PT,LV,57.0
PT,MA,14.0
PT,ME,11.0
PT,MK,5.0
PT,MN,2.0
PT,MO,4.0
PT,MT,34.0
PT,MX,1.0
PT,MY,3.0
PT,MZ,4.0
PT,NL,792.0
PT,NO,198.0
PT,PE,1.0
PT,PH,1.0
PT,PL,1040.0
PT,PS,3.0
PT,RO,256.0
PT,RS,19.0
PT,RU,30.0
PT,SE,287.0
PT,SI,342.0
PT,SK,167.0
PT,TH,6.0
PT,TL,3.0
PT,TN,4.0
PT,TR,44.0
PT,TW,1.0
PT,UA,8.0
PT,UK,577.0
PT,US,21.0
PT,UZ,2.0
PT,VN,4.0
PT,XK,6.0
PT,ZA,4.0
PY,DE,2.0
PY,IT,1.0
PY,LV,1.0
PY,PT,2.0
RO,AL,13.0
RO,AM,3.0
RO,AR,2.0
RO,AT,249.0
RO,AZ,2.0
RO,BA,8.0
RO,BE,302.0
RO,BG,86.0
RO,BR,9.0
RO,BY,1.0
RO,CA,11.0
RO,CH,1.0
RO,CL,11.0
RO,CM,3.0
RO,CN,24.0
RO,CU,5.0
RO,CY,130.0
RO,CZ,184.0
RO,DE,695.0
RO,DK,38.0
RO,DZ,2.0
RO,EC,1.0
RO,EE,13.0
RO,EG,14.0
RO,EL,450.0
RO,ES,1158.0
RO,FI,40.0
RO,FR,1125.0
RO,GE,6.0
RO,HN,1.0
RO,HR,78.0
RO,HU,888.0
RO,IE,28.0
RO,IL,28.0
RO,IN,2.0
RO,IR,12.0
RO,IS,26.0
RO,IT,944.0
RO,JP,11.0
RO,KE,1.0
RO,KH,2.0
RO,KR,1.0
RO,KZ,3.0
RO,LI,6.0
RO,LT,47.0
RO,LU,4.0
RO,LV,20.0
RO,MA,16.0
RO,MD,26.0
RO,ME,2.0
RO,MK,10.0
RO,MN,1.0
RO,MT,40.0
RO,MX,4.0
RO,MY,3.0
RO,NL,146.0
RO,NO,56.0
RO,NP,1.0
RO,PE,2.0
RO,PH,2.0
RO,PL,529.0
RO,PS,1.0
RO,PT,774.0
RO,RS,37.0
RO,RU,54.0
RO,SE,26.0
RO,SI,55.0
RO,SK,178.0
RO,TG,1.0
RO,TH,3.0
RO,TN,10.0
RO,TR,270.0
RO,TW,1.0
RO,UA,4.0
RO,UG,2.0
RO,UK,161.0
RO,US,22.0
RO,UZ,4.0
RO,VN,7.0
RO,ZA,5.0
RS,AT,50.0
RS,BE,8.0
RS,BG,49.0
RS,CY,15.0
RS,CZ,38.0
RS,DE,239.0
RS,EE,14.0
RS,EL,25.0
RS,ES,101.0
RS,FI,36.0
RS,FR,137.0
RS,HR,21.0
RS,HU,61.0
RS,IE,4.0
RS,IS,4.0
RS,IT,210.0
RS,LI,2.0
RS,LT,23.0
RS,LV,11.0
RS,MK,2.0
RS,NL,22.0
RS,NO,16.0
RS,PL,212.0
RS,PT,28.0
RS,RO,64.0
RS,SE,18.0
RS,SI,14.0
RS,SK,69.0
RS,TR,4.0
RS,UK,7.0
RU,AT,102.0
RU,BE,57.0
RU,BG,25.0
RU,CY,15.0
RU,CZ,45.0
RU,DE,393.0
RU,DK,17.0
RU,EE,39.0
RU,EL,41.0
RU,ES,177.0
RU,FI,38.0
RU,FR,277.0
RU,HR,40.0
RU,HU,61.0
RU,IE,12.0
RU,IT,273.0
RU,LI,5.0
RU,LT,31.0
RU,LU,5.0
RU,LV,25.0
RU,NL,65.0
RU,NO,40.0
RU,PL,224.0
RU,PT,88.0
RU,RO,57.0
RU,SE,67.0
RU,SI,30.0
RU,SK,59.0
RU,TR,23.0
RU,UK,72.0
RW,BE,1.0
RW,DE,6.0
RW,IT,2.0
SC,ES,2.0
SD,BG,1.0
SD,DE,2.0
SD,ES,1.0
SD,IT,2.0
SD,TR,19.0
SE,AL,10.0
SE,AR,1.0
SE,AT,348.0
SE,AU,3.0
SE,BA,7.0
SE,BE,347.0
SE,BG,9.0
SE,BO,1.0
SE,BR,6.0
SE,BT,3.0
SE,CA,9.0
SE,CL,4.0
SE,CN,4.0
SE,CO,2.0
SE,CU,1.0
SE,CY,15.0
SE,CZ,161.0
SE,DE,1172.0
SE,DK,261.0
SE,DZ,2.0
SE,EE,55.0
SE,EG,4.0
SE,EL,79.0
SE,ES,662.0
SE,FI,215.0
SE,FR,934.0
SE,GE,18.0
SE,GH,1.0
SE,HR,24.0
SE,HU,78.0
SE,ID,3.0
SE,IE,150.0
SE,IL,2.0
SE,IN,3.0
SE,IR,2.0
SE,IS,62.0
SE,IT,707.0
SE,JM,1.0
SE,JO,2.0
SE,KH,2.0
SE,KZ,3.0
SE,LB,6.0
SE,LI,4.0
SE,LK,2.0
SE,LT,35.0
SE,LU,11.0
SE,LV,21.0
SE,MA,5.0
SE,MK,2.0
SE,MM,2.0
SE,MT,19.0
SE,MX,2.0
SE,MY,3.0
SE,NL,834.0
SE,NO,242.0
SE,NZ,3.0
SE,PL,102.0
SE,PS,2.0
SE,PT,299.0
SE,RO,18.0
SE,RS,4.0
SE,RU,35.0
SE,SG,2.0
SE,SI,17.0
SE,SK,16.0
SE,SO,1.0
SE,TH,3.0
SE,TN,4.0
SE,TR,50.0
SE,TW,4.0
SE,TZ,3.0
SE,UA,25.0
SE,UG,4.0
SE,UK,664.0
SE,US,10.0
SE,UZ,4.0
SE,VN,2.0
SE,ZA,3.0
SE,ZW,1.0
SG,EL,4.0
SG,ES,2.0
SG,NL,1.0
SG,PL,2.0
SG,UK,1.0
SI,AR,2.0
SI,AT,595.0
SI,AU,4.0
SI,AZ,1.0
SI,BA,4.0
SI,BE,169.0
SI,BG,10.0
SI,BR,2.0
SI,BY,2.0
SI,CA,2.0
SI,CN,5.0
SI,CY,14.0
SI,CZ,313.0
SI,DE,738.0
SI,DK,85.0
SI,EE,37.0
SI,EL,25.0
SI,ES,428.0
SI,FI,102.0
SI,FR,234.0
SI,HK,1.0
SI,HR,191.0
SI,HU,58.0
SI,IE,74.0
SI,IN,2.0
SI,IS,18.0
SI,IT,245.0
SI,KR,3.0
SI,KZ,3.0
SI,LB,5.0
SI,LI,1.0
SI,LT,49.0
SI,LU,2.0
SI,LV,10.0
SI,MA,5.0
SI,ME,2.0
SI,MK,18.0
SI,MT,27.0
SI,MY,1.0
SI,NE,1.0
SI,NL,209.0
SI,NO,85.0
SI,PL,175.0
SI,PT,370.0
SI,RO,16.0
SI,RS,16.0
SI,RU,17.0
SI,SE,87.0
SI,SK,81.0
SI,TH,3.0
SI,TN,1.0
SI,TR,36.0
SI,UA,4.0
SI,UK,214.0
SI,US,1.0
SI,XK,3.0
SI,ZA,2.0
SK,AL,2.0
SK,AM,2.0
SK,AR,1.0
SK,AT,433.0
SK,AZ,2.0
SK,BA,11.0
SK,BE,199.0
SK,BG,68.0
SK,BR,3.0
SK,BY,3.0
SK,CN,7.0
SK,CY,27.0
SK,CZ,3075.0
SK,DE,727.0
SK,DK,38.0
SK,EE,106.0
SK,EG,1.0
SK,EL,136.0
SK,ES,817.0
SK,FI,210.0
SK,FR,312.0
SK,GE,3.0
SK,HR,199.0
SK,HU,418.0
SK,ID,5.0
SK,IE,65.0
SK,IL,6.0
SK,IN,3.0
SK,IQ,4.0
SK,IS,32.0
SK,IT,543.0
SK,JO,3.0
SK,JP,8.0
SK,KE,1.0
SK,KG,1.0
SK,KZ,4.0
SK,LI,1.0
SK,LK,2.0
SK,LT,170.0
SK,LU,1.0
SK,LV,127.0
SK,MA,2.0
SK,MD,6.0
SK,ME,9.0
SK,MK,23.0
SK,MT,56.0
SK,MU,8.0
SK,MX,3.0
SK,MY,2.0
SK,NL,141.0
SK,NO,97.0
SK,NP,2.0
SK,PL,1036.0
SK,PS,2.0
SK,PT,639.0
SK,RO,68.0
SK,RS,50.0
SK,RU,29.0
SK,SE,40.0
SK,SI,301.0
SK,TH,2.0
SK,TR,95.0
SK,UA,19.0
SK,UK,231.0
SK,US,4.0
SK,XK,3.0
SK,ZA,1.0
SN,DE,1.0
SN,ES,6.0
SN,FR,7.0
SN,IT,8.0
SN,LU,2.0
SN,NL,7.0
SN,PL,1.0
SN,PT,1.0
SV,ES,1.0
SV,IT,7.0
SV,LT,1.0
SV,PL,4.0
SY,AT,3.0
SY,DE,10.0
SY,ES,8.0
SY,HU,4.0
SY,IT,28.0
SY,PT,2.0
SY,SK,8.0
TH,AT,3.0
TH,BE,3.0
TH,CY,1.0
TH,CZ,1.0
TH,DE,41.0
TH,DK,1.0
TH,EL,2.0
TH,ES,2.0
TH,FR,18.0
TH,HU,9.0
TH,IE,1.0
TH,IT,7.0
TH,LT,5.0
TH,LU,3.0
TH,NO,4.0
TH,PL,14.0
TH,PT,4.0
TH,RO,5.0
TH,SE,1.0
TH,SI,1.0
TH,SK,2.0
TH,TR,1.0
TH,UK,3.0
TJ,AT,4.0
TJ,CZ,1.0
TJ,DE,2.0
TJ,EL,1.0
TJ,ES,5.0
TJ,IT,19.0
TJ,PL,3.0
TJ,SK,4.0
TJ,TR,2.0
TM,AT,2.0
TN,BE,22.0
TN,BG,26.0
TN,CZ,1.0
TN,DE,159.0
TN,EL,9.0
TN,ES,79.0
TN,FR,465.0
TN,HU,10.0
TN,IE,1.0
TN,IS,2.0
TN,IT,254.0
TN,LT,3.0
TN,LV,13.0
TN,PL,57.0
TN,PT,31.0
TN,RO,14.0
TN,SE,33.0
TN,TR,17.0
TR,AL,9.0
TR,AM,1.0
TR,AT,140.0
TR,AU,2.0
TR,AZ,12.0
TR,BA,13.0
TR,BE,139.0
TR,BG,42.0
TR,BR,1.0
TR,CM,2.0
TR,CN,5.0
TR,CU,1.0
TR,CZ,365.0
TR,DE,1316.0
TR,DK,42.0
TR,DZ,7.0
TR,EE,31.0
TR,EL,84.0
TR,ES,357.0
TR,FI,57.0
TR,FR,221.0
TR,GE,7.0
TR,HK,1.0
TR,HR,31.0
TR,HU,193.0
TR,ID,2.0
TR,IE,20.0
TR,IL,3.0
TR,IT,660.0
TR,JO,1.0
TR,JP,5.0
TR,KR,1.0
TR,LB,8.0
TR,LT,146.0
TR,LU,1.0
TR,LV,54.0
TR,MA,11.0
TR,MD,1.0
TR,ME,1.0
TR,MK,13.0
TR,MN,1.0
TR,MT,19.0
TR,MY,6.0
TR,NL,191.0
TR,NO,15.0
TR,NP,2.0
TR,PH,1.0
TR,PK,1.0
TR,PL,1050.0
TR,PT,300.0
TR,RO,159.0
TR,RS,1.0
TR,RU,12.0
TR,SD,2.0
TR,SE,92.0
TR,SG,2.0
TR,SI,66.0
TR,SK,37.0
TR,TN,5.0
TR,TW,2.0
TR,UA,13.0
TR,UK,218.0
TR,US,6.0
TR,XK,7.0
TR,ZA,1.0
TT,AT,4.0
TT,FR,2.0
TW,AT,3.0
TW,BE,2.0
TW,CZ,7.0
TW,DE,11.0
TW,EE,1.0
TW,ES,4.0
TW,FR,6.0
TW,HU,2.0
TW,IT,9.0
TW,LT,2.0
TW,NO,3.0
TW,PL,25.0
TW,RO,2.0
TW,SE,4.0
TW,SK,2.0
TW,TR,1.0
TW,UK,2.0
TZ,BE,6.0
TZ,DE,15.0
TZ,FI,2.0
TZ,IT,2.0
TZ,LI,1.0
TZ,NL,2.0
TZ,NO,2.0
TZ,SE,3.0
TZ,SK,4.0
UA,AT,32.0
UA,BE,49.0
UA,BG,24.0
UA,CY,11.0
UA,CZ,98.0
UA,DE,386.0
UA,DK,2.0
UA,EE,17.0
UA,EL,25.0
UA,ES,104.0
UA,FI,22.0
UA,FR,392.0
UA,HR,46.0
UA,HU,59.0
UA,IE,1.0
UA,IT,169.0
UA,LT,19.0
UA,LU,17.0
UA,LV,26.0
UA,MT,2.0
UA,NL,41.0
UA,NO,76.0
UA,PL,294.0
UA,PT,13.0
UA,RO,24.0
UA,SE,65.0
UA,SI,13.0
UA,SK,63.0
UA,TR,24.0
UA,UK,104.0
UG,AT,6.0
UG,DE,8.0
UG,EL,1.0
UG,IS,4.0
UG,IT,11.0
UG,NO,5.0
UG,RO,2.0
UG,SE,10.0
UG,UK,3.0
UK,AL,4.0
UK,AM,4.0
UK,AR,1.0
UK,AT,107.0
UK,AZ,1.0
UK,BA,4.0
UK,BD,2.0
UK,BE,130.0
UK,BG,24.0
UK,BR,11.0
UK,BW,1.0
UK,BY,2.0
UK,CL,4.0
UK,CN,15.0
UK,CO,1.0
UK,CU,2.0
UK,CY,43.0
UK,CZ,181.0
UK,DE,582.0
UK,DK,122.0
UK,EE,46.0
UK,EG,5.0
UK,EL,146.0
UK,ES,526.0
UK,FI,97.0
UK,FR,798.0
UK,GE,14.0
UK,HK,3.0
UK,HR,15.0
UK,HU,162.0
UK,ID,1.0
UK,IE,98.0
UK,IL,12.0
UK,IN,13.0
UK,IS,22.0
UK,IT,470.0
UK,JO,3.0
UK,KZ,7.0
UK,LB,2.0
UK,LI,2.0
UK,LK,3.0
UK,LT,27.0
UK,LU,7.0
UK,LV,9.0
UK,MD,1.0
UK,ME,8.0
UK,MK,1.0
UK,MT,53.0
UK,MU,1.0
UK,MW,2.0
UK,MX,1.0
UK,MY,12.0
UK,NG,1.0
UK,NL,341.0
UK,NO,94.0
UK,PE,4.0
UK,PK,1.0
UK,PL,104.0
UK,PS,3.0
UK,PT,108.0
UK,RO,26.0
UK,RS,6.0
UK,RU,40.0
UK,RW,1.0
UK,SE,141.0
UK,SI,21.0
UK,SK,25.0
UK,TH,2.0
UK,TJ,2.0
UK,TR,36.0
UK,TW,2.0
UK,UA,28.0
UK,UG,3.0
UK,US,4.0
UK,UZ,4.0
UK,XK,7.0
UK,ZA,1.0
US,AT,5.0
US,BE,1.0
US,BG,7.0
US,CY,1.0
US,CZ,6.0
US,DE,34.0
US,EE,9.0
US,EL,15.0
US,ES,12.0
US,FI,1.0
US,FR,29.0
US,HR,3.0
US,HU,24.0
US,IE,3.0
US,IT,28.0
US,LI,3.0
US,LT,14.0
US,LU,1.0
US,LV,4.0
US,NL,2.0
US,NO,8.0
US,PL,50.0
US,PT,3.0
US,RO,16.0
US,SE,3.0
US,SI,1.0
US,SK,3.0
US,TR,3.0
US,UK,3.0
UY,AT,1.0
UY,ES,1.0
UY,FR,8.0
UY,PL,1.0
UY,TR,1.0
UY,UK,2.0
UZ,AT,2.0
UZ,BE,1.0
UZ,CZ,1.0
UZ,DE,25.0
UZ,EE,1.0
UZ,EL,2.0
UZ,ES,6.0
UZ,FR,12.0
UZ,HR,6.0
UZ,HU,1.0
UZ,IT,63.0
UZ,NL,3.0
UZ,PL,9.0
UZ,PT,8.0
UZ,RO,5.0
UZ,SE,2.0
UZ,SI,2.0
UZ,SK,9.0
UZ,UK,8.0
VE,FR,11.0
VN,BE,32.0
VN,BG,8.0
VN,CZ,7.0
VN,DE,56.0
VN,ES,10.0
VN,FI,1.0
VN,FR,103.0
VN,HU,7.0
VN,IT,99.0
VN,LI,1.0
VN,LT,2.0
VN,LU,2.0
VN,NL,10.0
VN,PL,38.0
VN,PT,13.0
VN,RO,5.0
VN,SE,2.0
XK,AT,21.0
XK,BE,4.0
XK,BG,2.0
XK,CZ,5.0
XK,DE,96.0
XK,EE,2.0
XK,FI,6.0
XK,FR,13.0
XK,HR,7.0
XK,HU,3.0
XK,IE,1.0
XK,IS,2.0
XK,IT,29.0
XK,LT,3.0
XK,LV,16.0
XK,NL,29.0
XK,NO,6.0
XK,PL,29.0
XK,RO,2.0
XK,SE,8.0
XK,SI,2.0
XK,SK,1.0
XK,TR,21.0
XK,UK,12.0
ZA,AT,2.0
ZA,BE,14.0
ZA,CY,3.0
ZA,CZ,4.0
ZA,DE,43.0
ZA,DK,1.0
ZA,EE,1.0
ZA,EL,1.0
ZA,ES,23.0
ZA,FI,5.0
ZA,FR,38.0
ZA,HR,2.0
ZA,HU,5.0
ZA,IE,5.0
ZA,IT,35.0
ZA,LV,4.0
ZA,NL,11.0
ZA,NO,6.0
ZA,PL,20.0
ZA,PT,8.0
ZA,RO,5.0
ZA,SE,8.0
ZA,SI,2.0
ZA,SK,3.0
ZA,TR,1.0
ZA,UK,1.0
ZM,ES,1.0
ZM,UK,1.0
ZW,SE,5.0
